Workbook

Sheet README
A1: מודל צבירה פנסיונית — דוגמה
A2: תאים לעריכה: Assumptions!C2:C6 (כחול); אופק נקבע בבנייה עם --years (אפור)
A3: גרסה: 0.1
A4: תאריך בנייה: (נקבע בזמן הבנייה — ראה תא C4 של Assumptions אינו קיים; הבנייה דטרמיניסטית)
A5: המודל מחשב בלבד — אינו ייעוץ פנסיוני.

Sheet Assumptions
A1: key | B1: label | C1: value | D1: unit | E1: source
A2: p0 | B2: צבירה קיימת | C2: 100000 | D2: ₪ | E2: המשתמש
A3: deposit0 | B3: הפקדה שנתית התחלתית | C3: 24000 | D3: ₪ | E3: המשתמש
A4: sal_growth | B4: עליית שכר שנתית | C4: 0.02 | D4: % | E4: הנחה — לאישור
A5: return_lt | B5: תשואה שנתית | C5: 0.04 | D5: % | E5: הנחה — לאישור
A6: fee_aum | B6: דמי ניהול מצבירה | C6: 0.005 | D6: % | E6: המשתמש
A7: horizon | B7: אופק (שנים) | C7: 30 | D7: שנים | E7: CLI --years

Sheet Calc
A1: key | B1: label | C1: 1 | D1: 2 | E1: 3 | F1: 4 | G1: 5 | H1: 6 | I1: 7 | J1: 8 | K1: 9 | L1: 10 | M1: 11 | N1: 12 | O1: 13 | P1: 14 | Q1: 15 | R1: 16 | S1: 17 | T1: 18 | U1: 19 | V1: 20 | W1: 21 | X1: 22 | Y1: 23 | Z1: 24 | AA1: 25 | AB1: 26 | AC1: 27 | AD1: 28 | AE1: 29 | AF1: 30
A2: open | B2: יתרת פתיחה | C2: =Assumptions!$C$2 -> 100000 | D2: =C8 -> 127500 | E2: =D8 -> 156442.5 | F2: =E8 -> 186887.59 | G2: =F8 -> 218897.65 | H2: =G8 -> 252537.43 | I2: =H8 -> 287874.18 | J2: =I8 -> 324977.68 | K2: =J8 -> 363920.35 | ... AF2: =AE8 -> 1768841.1
A3: deposit | B3: הפקדה | C3: =Assumptions!$C$3*(1+Assumptions!$C$4)^(C$1-1) -> 24000 | D3: =Assumptions!$C$3*(1+Assumptions!$C$4)^(D$1-1) -> 24480 | E3: =Assumptions!$C$3*(1+Assumptions!$C$4)^(E$1-1) -> 24969.6 | F3: =Assumptions!$C$3*(1+Assumptions!$C$4)^(F$1-1) -> 25468.992 | G3: =Assumptions!$C$3*(1+Assumptions!$C$4)^(G$1-1) -> 25978.372 | H3: =Assumptions!$C$3*(1+Assumptions!$C$4)^(H$1-1) -> 26497.939 | I3: =Assumptions!$C$3*(1+Assumptions!$C$4)^(I$1-1) -> 27027.898 | J3: =Assumptions!$C$3*(1+Assumptions!$C$4)^(J$1-1) -> 27568.456 | ... AF3: =Assumptions!$C$3*(1+Assumptions!$C$4)^(AF$1-1) -> 42620.273
A4: return | B4: תשואה | C4: =C2*Assumptions!$C$5 -> 4000 | D4: =D2*Assumptions!$C$5 -> 5100 | E4: =E2*Assumptions!$C$5 -> 6257.7 | F4: =F2*Assumptions!$C$5 -> 7475.5035 | G4: =G2*Assumptions!$C$5 -> 8755.9058 | H4: =H2*Assumptions!$C$5 -> 10101.497 | I4: =I2*Assumptions!$C$5 -> 11514.967 | J4: =J2*Assumptions!$C$5 -> 12999.107 | ... AF4: =AF2*Assumptions!$C$5 -> 70753.642
A5: fee | B5: דמי ניהול | C5: =C2*Assumptions!$C$6 -> 500 | D5: =D2*Assumptions!$C$6 -> 637.5 | E5: =E2*Assumptions!$C$6 -> 782.2125 | F5: =F2*Assumptions!$C$6 -> 934.43794 | G5: =G2*Assumptions!$C$6 -> 1094.4882 | H5: =H2*Assumptions!$C$6 -> 1262.6872 | I5: =I2*Assumptions!$C$6 -> 1439.3709 | J5: =J2*Assumptions!$C$6 -> 1624.8884 | ... AF5: =AF2*Assumptions!$C$6 -> 8844.2053
A6: withdraw | B6: משיכה | C6: =0*C2 -> 0 | D6: =0*D2 -> 0 | E6: =0*E2 -> 0 | F6: =0*F2 -> 0 | G6: =0*G2 -> 0 | H6: =0*H2 -> 0 | I6: =0*I2 -> 0 | J6: =0*J2 -> 0 | ... AF6: =0*AF2 -> 0
A7: tax | B7: מס | C7: =0*C6 -> 0 | D7: =0*D6 -> 0 | E7: =0*E6 -> 0 | F7: =0*F6 -> 0 | G7: =0*G6 -> 0 | H7: =0*H6 -> 0 | I7: =0*I6 -> 0 | J7: =0*J6 -> 0 | ... AF7: =0*AF6 -> 0
A8: close | B8: יתרת סגירה | C8: =C2+C3+C4-C5-C6-C7 -> 127500 | D8: =D2+D3+D4-D5-D6-D7 -> 156442.5 | E8: =E2+E3+E4-E5-E6-E7 -> 186887.59 | F8: =F2+F3+F4-F5-F6-F7 -> 218897.65 | G8: =G2+G3+G4-G5-G6-G7 -> 252537.43 | H8: =H2+H3+H4-H5-H6-H7 -> 287874.18 | I8: =I2+I3+I4-I5-I6-I7 -> 324977.68 | J8: =J2+J3+J4-J5-J6-J7 -> 363920.35 | ... AF8: =AF2+AF3+AF4-AF5-AF6-AF7 -> 1873370.8
A9: cost_total | B9: סה"כ עלויות | C9: =SUM(C5:C7) -> 500 | D9: =SUM(D5:D7) -> 637.5 | E9: =SUM(E5:E7) -> 782.2125 | F9: =SUM(F5:F7) -> 934.43794 | G9: =SUM(G5:G7) -> 1094.4882 | H9: =SUM(H5:H7) -> 1262.6872 | I9: =SUM(I5:I7) -> 1439.3709 | J9: =SUM(J5:J7) -> 1624.8884 | ... AF9: =SUM(AF5:AF7) -> 8844.2053

Sheet Output
A1: צבירה בסוף האופק | B1: =Calc!AF8 -> 1873370.8
A3: ניתוח רגישות: צבירה סופית — תשואה (שורות) × דמי ניהול (עמודות)
B4: 0.002 | C4: 0.004 | D4: 0.005 | E4: 0.006 | F4: 0.008
A5: 0.02 | B5: =IFERROR(Assumptions!$C$2*(1+($A5-B$4))^Assumptions!$C$7+Assumptions!$C$3*((1+($A5-B$4))^Assumptions!$C$7-(1+Assumptions!$C$4)^Assumptions!$C$7)/(($A5-B$4)-Assumptions!$C$4),Assumptions!$C$2*(1+($A5-B$4))^Assumptions!$C$7+Assumptions!$C$3*Assumptions!$C$7*(1+Assumptions!$C$4)^(Assumptions!$C$7-1)) -> 1413690.7 | C5: =IFERROR(Assumptions!$C$2*(1+($A5-C$4))^Assumptions!$C$7+Assumptions!$C$3*((1+($A5-C$4))^Assumptions!$C$7-(1+Assumptions!$C$4)^Assumptions!$C$7)/(($A5-C$4)-Assumptions!$C$4),Assumptions!$C$2*(1+($A5-C$4))^Assumptions!$C$7+Assumptions!$C$3*Assumptions!$C$7*(1+Assumptions!$C$4)^(Assumptions!$C$7-1)) -> 1369489.7 | D5: =IFERROR(Assumptions!$C$2*(1+($A5-D$4))^Assumptions!$C$7+Assumptions!$C$3*((1+($A5-D$4))^Assumptions!$C$7-(1+Assumptions!$C$4)^Assumptions!$C$7)/(($A5-D$4)-Assumptions!$C$4),Assumptions!$C$2*(1+($A5-D$4))^Assumptions!$C$7+Assumptions!$C$3*Assumptions!$C$7*(1+Assumptions!$C$4)^(Assumptions!$C$7-1)) -> 1348058.6 | E5: =IFERROR(Assumptions!$C$2*(1+($A5-E$4))^Assumptions!$C$7+Assumptions!$C$3*((1+($A5-E$4))^Assumptions!$C$7-(1+Assumptions!$C$4)^Assumptions!$C$7)/(($A5-E$4)-Assumptions!$C$4),Assumptions!$C$2*(1+($A5-E$4))^Assumptions!$C$7+Assumptions!$C$3*Assumptions!$C$7*(1+Assumptions!$C$4)^(Assumptions!$C$7-1)) -> 1327060.7 | F5: =IFERROR(Assumptions!$C$2*(1+($A5-F$4))^Assumptions!$C$7+Assumptions!$C$3*((1+($A5-F$4))^Assumptions!$C$7-(1+Assumptions!$C$4)^Assumptions!$C$7)/(($A5-F$4)-Assumptions!$C$4),Assumptions!$C$2*(1+($A5-F$4))^Assumptions!$C$7+Assumptions!$C$3*Assumptions!$C$7*(1+Assumptions!$C$4)^(Assumptions!$C$7-1)) -> 1286327.1
A6: 0.03 | B6: =IFERROR(Assumptions!$C$2*(1+($A6-B$4))^Assumptions!$C$7+Assumptions!$C$3*((1+($A6-B$4))^Assumptions!$C$7-(1+Assumptions!$C$4)^Assumptions!$C$7)/(($A6-B$4)-Assumptions!$C$4),Assumptions!$C$2*(1+($A6-B$4))^Assumptions!$C$7+Assumptions!$C$3*Assumptions!$C$7*(1+Assumptions!$C$4)^(Assumptions!$C$7-1)) -> 1664228.1 | C6: =IFERROR(Assumptions!$C$2*(1+($A6-C$4))^Assumptions!$C$7+Assumptions!$C$3*((1+($A6-C$4))^Assumptions!$C$7-(1+Assumptions!$C$4)^Assumptions!$C$7)/(($A6-C$4)-Assumptions!$C$4),Assumptions!$C$2*(1+($A6-C$4))^Assumptions!$C$7+Assumptions!$C$3*Assumptions!$C$7*(1+Assumptions!$C$4)^(Assumptions!$C$7-1)) -> 1609882.2 | D6: =IFERROR(Assumptions!$C$2*(1+($A6-D$4))^Assumptions!$C$7+Assumptions!$C$3*((1+($A6-D$4))^Assumptions!$C$7-(1+Assumptions!$C$4)^Assumptions!$C$7)/(($A6-D$4)-Assumptions!$C$4),Assumptions!$C$2*(1+($A6-D$4))^Assumptions!$C$7+Assumptions!$C$3*Assumptions!$C$7*(1+Assumptions!$C$4)^(Assumptions!$C$7-1)) -> 1583545.5 | E6: =IFERROR(Assumptions!$C$2*(1+($A6-E$4))^Assumptions!$C$7+Assumptions!$C$3*((1+($A6-E$4))^Assumptions!$C$7-(1+Assumptions!$C$4)^Assumptions!$C$7)/(($A6-E$4)-Assumptions!$C$4),Assumptions!$C$2*(1+($A6-E$4))^Assumptions!$C$7+Assumptions!$C$3*Assumptions!$C$7*(1+Assumptions!$C$4)^(Assumptions!$C$7-1)) -> 1557750 | F6: =IFERROR(Assumptions!$C$2*(1+($A6-F$4))^Assumptions!$C$7+Assumptions!$C$3*((1+($A6-F$4))^Assumptions!$C$7-(1+Assumptions!$C$4)^Assumptions!$C$7)/(($A6-F$4)-Assumptions!$C$4),Assumptions!$C$2*(1+($A6-F$4))^Assumptions!$C$7+Assumptions!$C$3*Assumptions!$C$7*(1+Assumptions!$C$4)^(Assumptions!$C$7-1)) -> 1507734.7
A7: 0.04 | B7: =IFERROR(Assumptions!$C$2*(1+($A7-B$4))^Assumptions!$C$7+Assumptions!$C$3*((1+($A7-B$4))^Assumptions!$C$7-(1+Assumptions!$C$4)^Assumptions!$C$7)/(($A7-B$4)-Assumptions!$C$4),Assumptions!$C$2*(1+($A7-B$4))^Assumptions!$C$7+Assumptions!$C$3*Assumptions!$C$7*(1+Assumptions!$C$4)^(Assumptions!$C$7-1)) -> 1972863.2 | C7: =IFERROR(Assumptions!$C$2*(1+($A7-C$4))^Assumptions!$C$7+Assumptions!$C$3*((1+($A7-C$4))^Assumptions!$C$7-(1+Assumptions!$C$4)^Assumptions!$C$7)/(($A7-C$4)-Assumptions!$C$4),Assumptions!$C$2*(1+($A7-C$4))^Assumptions!$C$7+Assumptions!$C$3*Assumptions!$C$7*(1+Assumptions!$C$4)^(Assumptions!$C$7-1)) -> 1905837.9 | D7: =IFERROR(Assumptions!$C$2*(1+($A7-D$4))^Assumptions!$C$7+Assumptions!$C$3*((1+($A7-D$4))^Assumptions!$C$7-(1+Assumptions!$C$4)^Assumptions!$C$7)/(($A7-D$4)-Assumptions!$C$4),Assumptions!$C$2*(1+($A7-D$4))^Assumptions!$C$7+Assumptions!$C$3*Assumptions!$C$7*(1+Assumptions!$C$4)^(Assumptions!$C$7-1)) -> 1873370.8 | E7: =IFERROR(Assumptions!$C$2*(1+($A7-E$4))^Assumptions!$C$7+Assumptions!$C$3*((1+($A7-E$4))^Assumptions!$C$7-(1+Assumptions!$C$4)^Assumptions!$C$7)/(($A7-E$4)-Assumptions!$C$4),Assumptions!$C$2*(1+($A7-E$4))^Assumptions!$C$7+Assumptions!$C$3*Assumptions!$C$7*(1+Assumptions!$C$4)^(Assumptions!$C$7-1)) -> 1841580.1 | F7: =IFERROR(Assumptions!$C$2*(1+($A7-F$4))^Assumptions!$C$7+Assumptions!$C$3*((1+($A7-F$4))^Assumptions!$C$7-(1+Assumptions!$C$4)^Assumptions!$C$7)/(($A7-F$4)-Assumptions!$C$4),Assumptions!$C$2*(1+($A7-F$4))^Assumptions!$C$7+Assumptions!$C$3*Assumptions!$C$7*(1+Assumptions!$C$4)^(Assumptions!$C$7-1)) -> 1779968.9
A8: 0.05 | B8: =IFERROR(Assumptions!$C$2*(1+($A8-B$4))^Assumptions!$C$7+Assumptions!$C$3*((1+($A8-B$4))^Assumptions!$C$7-(1+Assumptions!$C$4)^Assumptions!$C$7)/(($A8-B$4)-Assumptions!$C$4),Assumptions!$C$2*(1+($A8-B$4))^Assumptions!$C$7+Assumptions!$C$3*Assumptions!$C$7*(1+Assumptions!$C$4)^(Assumptions!$C$7-1)) -> 2354150.9 | C8: =IFERROR(Assumptions!$C$2*(1+($A8-C$4))^Assumptions!$C$7+Assumptions!$C$3*((1+($A8-C$4))^Assumptions!$C$7-(1+Assumptions!$C$4)^Assumptions!$C$7)/(($A8-C$4)-Assumptions!$C$4),Assumptions!$C$2*(1+($A8-C$4))^Assumptions!$C$7+Assumptions!$C$3*Assumptions!$C$7*(1+Assumptions!$C$4)^(Assumptions!$C$7-1)) -> 2271264.9 | D8: =IFERROR(Assumptions!$C$2*(1+($A8-D$4))^Assumptions!$C$7+Assumptions!$C$3*((1+($A8-D$4))^Assumptions!$C$7-(1+Assumptions!$C$4)^Assumptions!$C$7)/(($A8-D$4)-Assumptions!$C$4),Assumptions!$C$2*(1+($A8-D$4))^Assumptions!$C$7+Assumptions!$C$3*Assumptions!$C$7*(1+Assumptions!$C$4)^(Assumptions!$C$7-1)) -> 2231130.1 | E8: =IFERROR(Assumptions!$C$2*(1+($A8-E$4))^Assumptions!$C$7+Assumptions!$C$3*((1+($A8-E$4))^Assumptions!$C$7-(1+Assumptions!$C$4)^Assumptions!$C$7)/(($A8-E$4)-Assumptions!$C$4),Assumptions!$C$2*(1+($A8-E$4))^Assumptions!$C$7+Assumptions!$C$3*Assumptions!$C$7*(1+Assumptions!$C$4)^(Assumptions!$C$7-1)) -> 2191841.7 | F8: =IFERROR(Assumptions!$C$2*(1+($A8-F$4))^Assumptions!$C$7+Assumptions!$C$3*((1+($A8-F$4))^Assumptions!$C$7-(1+Assumptions!$C$4)^Assumptions!$C$7)/(($A8-F$4)-Assumptions!$C$4),Assumptions!$C$2*(1+($A8-F$4))^Assumptions!$C$7+Assumptions!$C$3*Assumptions!$C$7*(1+Assumptions!$C$4)^(Assumptions!$C$7-1)) -> 2115729.4
A9: 0.06 | B9: =IFERROR(Assumptions!$C$2*(1+($A9-B$4))^Assumptions!$C$7+Assumptions!$C$3*((1+($A9-B$4))^Assumptions!$C$7-(1+Assumptions!$C$4)^Assumptions!$C$7)/(($A9-B$4)-Assumptions!$C$4),Assumptions!$C$2*(1+($A9-B$4))^Assumptions!$C$7+Assumptions!$C$3*Assumptions!$C$7*(1+Assumptions!$C$4)^(Assumptions!$C$7-1)) -> 2826354.4 | C9: =IFERROR(Assumptions!$C$2*(1+($A9-C$4))^Assumptions!$C$7+Assumptions!$C$3*((1+($A9-C$4))^Assumptions!$C$7-(1+Assumptions!$C$4)^Assumptions!$C$7)/(($A9-C$4)-Assumptions!$C$4),Assumptions!$C$2*(1+($A9-C$4))^Assumptions!$C$7+Assumptions!$C$3*Assumptions!$C$7*(1+Assumptions!$C$4)^(Assumptions!$C$7-1)) -> 2723616.5 | D9: =IFERROR(Assumptions!$C$2*(1+($A9-D$4))^Assumptions!$C$7+Assumptions!$C$3*((1+($A9-D$4))^Assumptions!$C$7-(1+Assumptions!$C$4)^Assumptions!$C$7)/(($A9-D$4)-Assumptions!$C$4),Assumptions!$C$2*(1+($A9-D$4))^Assumptions!$C$7+Assumptions!$C$3*Assumptions!$C$7*(1+Assumptions!$C$4)^(Assumptions!$C$7-1)) -> 2673885.2 | E9: =IFERROR(Assumptions!$C$2*(1+($A9-E$4))^Assumptions!$C$7+Assumptions!$C$3*((1+($A9-E$4))^Assumptions!$C$7-(1+Assumptions!$C$4)^Assumptions!$C$7)/(($A9-E$4)-Assumptions!$C$4),Assumptions!$C$2*(1+($A9-E$4))^Assumptions!$C$7+Assumptions!$C$3*Assumptions!$C$7*(1+Assumptions!$C$4)^(Assumptions!$C$7-1)) -> 2625213.5 | F9: =IFERROR(Assumptions!$C$2*(1+($A9-F$4))^Assumptions!$C$7+Assumptions!$C$3*((1+($A9-F$4))^Assumptions!$C$7-(1+Assumptions!$C$4)^Assumptions!$C$7)/(($A9-F$4)-Assumptions!$C$4),Assumptions!$C$2*(1+($A9-F$4))^Assumptions!$C$7+Assumptions!$C$3*Assumptions!$C$7*(1+Assumptions!$C$4)^(Assumptions!$C$7-1)) -> 2530955
