Workbook

Sheet README
A1: תקציב תפעולי חודשי — דוגמה
A2: תאים לעריכה: Assumptions!C2:C5 (כחול); אופק נקבע בבנייה עם --months (אפור)
A3: גרסה: 0.1
A4: תאריך בנייה: דטרמיניסטי — ראה rebuild_compare
A5: המודל מחשב בלבד.

Sheet Assumptions
A1: key | B1: label | C1: value | D1: unit | E1: source
A2: rev0 | B2: הכנסות חודש 1 | C2: 500000 | D2: ₪ | E2: המשתמש
A3: growth_m | B3: צמיחה חודשית | C3: 0.015 | D3: % | E3: הנחה — לאישור
A4: fixed | B4: הוצאות קבועות | C4: 180000 | D4: ₪ | E4: המשתמש
A5: var_pct | B5: הוצאות משתנות % מהכנסות | C5: 0.45 | D5: % | E5: המשתמש
A6: horizon | B6: אופק (חודשים) | C6: 12 | D6: חודשים | E6: CLI --months

Sheet Calc
A1: key | B1: label | C1: 1 | D1: 2 | E1: 3 | F1: 4 | G1: 5 | H1: 6 | I1: 7 | J1: 8 | K1: 9 | L1: 10 | M1: 11 | N1: 12
A2: revenue | B2: הכנסות | C2: =Assumptions!$C$2 -> 500000 | D2: =C2*(1+Assumptions!$C$3) -> 507500 | E2: =D2*(1+Assumptions!$C$3) -> 515112.5 | F2: =E2*(1+Assumptions!$C$3) -> 522839.19 | G2: =F2*(1+Assumptions!$C$3) -> 530681.78 | H2: =G2*(1+Assumptions!$C$3) -> 538642 | I2: =H2*(1+Assumptions!$C$3) -> 546721.63 | J2: =I2*(1+Assumptions!$C$3) -> 554922.46 | K2: =J2*(1+Assumptions!$C$3) -> 563246.29 | ... N2: =M2*(1+Assumptions!$C$3) -> 588974.47
A3: exp_fixed | B3: הוצאות קבועות | C3: =Assumptions!$C$4+0*C2 -> 180000 | D3: =Assumptions!$C$4+0*D2 -> 180000 | E3: =Assumptions!$C$4+0*E2 -> 180000 | F3: =Assumptions!$C$4+0*F2 -> 180000 | G3: =Assumptions!$C$4+0*G2 -> 180000 | H3: =Assumptions!$C$4+0*H2 -> 180000 | I3: =Assumptions!$C$4+0*I2 -> 180000 | J3: =Assumptions!$C$4+0*J2 -> 180000 | ... N3: =Assumptions!$C$4+0*N2 -> 180000
A4: exp_var | B4: הוצאות משתנות | C4: =C2*Assumptions!$C$5 -> 225000 | D4: =D2*Assumptions!$C$5 -> 228375 | E4: =E2*Assumptions!$C$5 -> 231800.62 | F4: =F2*Assumptions!$C$5 -> 235277.63 | G4: =G2*Assumptions!$C$5 -> 238806.8 | H4: =H2*Assumptions!$C$5 -> 242388.9 | I4: =I2*Assumptions!$C$5 -> 246024.73 | J4: =J2*Assumptions!$C$5 -> 249715.11 | ... N4: =N2*Assumptions!$C$5 -> 265038.51
A5: expense | B5: סה"כ הוצאות | C5: =SUM(C3:C4) -> 405000 | D5: =SUM(D3:D4) -> 408375 | E5: =SUM(E3:E4) -> 411800.62 | F5: =SUM(F3:F4) -> 415277.63 | G5: =SUM(G3:G4) -> 418806.8 | H5: =SUM(H3:H4) -> 422388.9 | I5: =SUM(I3:I4) -> 426024.73 | J5: =SUM(J3:J4) -> 429715.11 | ... N5: =SUM(N3:N4) -> 445038.51
A6: profit | B6: רווח תפעולי | C6: =C2-C5 -> 95000 | D6: =D2-D5 -> 99125 | E6: =E2-E5 -> 103311.88 | F6: =F2-F5 -> 107561.55 | G6: =G2-G5 -> 111874.98 | H6: =H2-H5 -> 116253.1 | I6: =I2-I5 -> 120696.9 | J6: =J2-J5 -> 125207.35 | ... N6: =N2-N5 -> 143935.96

Sheet Output
A1: סה"כ הכנסות שנתי | B1: =SUM(Calc!C2:N2) -> 6520605.7
A2: סה"כ הוצאות שנתי | B2: =SUM(Calc!C5:N5) -> 5094272.6
A3: סה"כ רווח שנתי | B3: =SUM(Calc!C6:N6) -> 1426333.1
A5: ניתוח רגישות: רווח שנתי — צמיחה חודשית (שורות) × הוצאות משתנות % (עמודות)
B6: 0.4 | C6: 0.45 | D6: 0.5 | E6: 0.55
A7: 0 | B7: =IF($A7=0,Assumptions!$C$2*Assumptions!$C$6,Assumptions!$C$2*((1+$A7)^Assumptions!$C$6-1)/$A7)*(1-B$6)-Assumptions!$C$4*Assumptions!$C$6 -> 1440000 | C7: =IF($A7=0,Assumptions!$C$2*Assumptions!$C$6,Assumptions!$C$2*((1+$A7)^Assumptions!$C$6-1)/$A7)*(1-C$6)-Assumptions!$C$4*Assumptions!$C$6 -> 1140000 | D7: =IF($A7=0,Assumptions!$C$2*Assumptions!$C$6,Assumptions!$C$2*((1+$A7)^Assumptions!$C$6-1)/$A7)*(1-D$6)-Assumptions!$C$4*Assumptions!$C$6 -> 840000 | E7: =IF($A7=0,Assumptions!$C$2*Assumptions!$C$6,Assumptions!$C$2*((1+$A7)^Assumptions!$C$6-1)/$A7)*(1-E$6)-Assumptions!$C$4*Assumptions!$C$6 -> 540000
A8: 0.005 | B8: =IF($A8=0,Assumptions!$C$2*Assumptions!$C$6,Assumptions!$C$2*((1+$A8)^Assumptions!$C$6-1)/$A8)*(1-B$6)-Assumptions!$C$4*Assumptions!$C$6 -> 1540668.7 | C8: =IF($A8=0,Assumptions!$C$2*Assumptions!$C$6,Assumptions!$C$2*((1+$A8)^Assumptions!$C$6-1)/$A8)*(1-C$6)-Assumptions!$C$4*Assumptions!$C$6 -> 1232279.7 | D8: =IF($A8=0,Assumptions!$C$2*Assumptions!$C$6,Assumptions!$C$2*((1+$A8)^Assumptions!$C$6-1)/$A8)*(1-D$6)-Assumptions!$C$4*Assumptions!$C$6 -> 923890.59 | E8: =IF($A8=0,Assumptions!$C$2*Assumptions!$C$6,Assumptions!$C$2*((1+$A8)^Assumptions!$C$6-1)/$A8)*(1-E$6)-Assumptions!$C$4*Assumptions!$C$6 -> 615501.53
A9: 0.01 | B9: =IF($A9=0,Assumptions!$C$2*Assumptions!$C$6,Assumptions!$C$2*((1+$A9)^Assumptions!$C$6-1)/$A9)*(1-B$6)-Assumptions!$C$4*Assumptions!$C$6 -> 1644750.9 | C9: =IF($A9=0,Assumptions!$C$2*Assumptions!$C$6,Assumptions!$C$2*((1+$A9)^Assumptions!$C$6-1)/$A9)*(1-C$6)-Assumptions!$C$4*Assumptions!$C$6 -> 1327688.3 | D9: =IF($A9=0,Assumptions!$C$2*Assumptions!$C$6,Assumptions!$C$2*((1+$A9)^Assumptions!$C$6-1)/$A9)*(1-D$6)-Assumptions!$C$4*Assumptions!$C$6 -> 1010625.8 | E9: =IF($A9=0,Assumptions!$C$2*Assumptions!$C$6,Assumptions!$C$2*((1+$A9)^Assumptions!$C$6-1)/$A9)*(1-E$6)-Assumptions!$C$4*Assumptions!$C$6 -> 693563.18
A10: 0.015 | B10: =IF($A10=0,Assumptions!$C$2*Assumptions!$C$6,Assumptions!$C$2*((1+$A10)^Assumptions!$C$6-1)/$A10)*(1-B$6)-Assumptions!$C$4*Assumptions!$C$6 -> 1752363.4 | C10: =IF($A10=0,Assumptions!$C$2*Assumptions!$C$6,Assumptions!$C$2*((1+$A10)^Assumptions!$C$6-1)/$A10)*(1-C$6)-Assumptions!$C$4*Assumptions!$C$6 -> 1426333.1 | D10: =IF($A10=0,Assumptions!$C$2*Assumptions!$C$6,Assumptions!$C$2*((1+$A10)^Assumptions!$C$6-1)/$A10)*(1-D$6)-Assumptions!$C$4*Assumptions!$C$6 -> 1100302.9 | E10: =IF($A10=0,Assumptions!$C$2*Assumptions!$C$6,Assumptions!$C$2*((1+$A10)^Assumptions!$C$6-1)/$A10)*(1-E$6)-Assumptions!$C$4*Assumptions!$C$6 -> 774272.57
A11: 0.02 | B11: =IF($A11=0,Assumptions!$C$2*Assumptions!$C$6,Assumptions!$C$2*((1+$A11)^Assumptions!$C$6-1)/$A11)*(1-B$6)-Assumptions!$C$4*Assumptions!$C$6 -> 1863626.9 | C11: =IF($A11=0,Assumptions!$C$2*Assumptions!$C$6,Assumptions!$C$2*((1+$A11)^Assumptions!$C$6-1)/$A11)*(1-C$6)-Assumptions!$C$4*Assumptions!$C$6 -> 1528324.7 | D11: =IF($A11=0,Assumptions!$C$2*Assumptions!$C$6,Assumptions!$C$2*((1+$A11)^Assumptions!$C$6-1)/$A11)*(1-D$6)-Assumptions!$C$4*Assumptions!$C$6 -> 1193022.4 | E11: =IF($A11=0,Assumptions!$C$2*Assumptions!$C$6,Assumptions!$C$2*((1+$A11)^Assumptions!$C$6-1)/$A11)*(1-E$6)-Assumptions!$C$4*Assumptions!$C$6 -> 857720.19
