Workbook

Sheet README
A1: מודל צבירה פנסיונית — דוגמה
A2: תאים לעריכה: Assumptions!C2:C6 (כחול); אופק נקבע בבנייה עם --years (אפור)
A3: גרסה: 0.1
A4: תאריך בנייה: (נקבע בזמן הבנייה — ראה תא C4 של Assumptions אינו קיים; הבנייה דטרמיניסטית)
A5: המודל מחשב בלבד — אינו ייעוץ פנסיוני.

Sheet Assumptions
A1: key | B1: label | C1: value | D1: unit | E1: source
A2: p0 | B2: צבירה קיימת | C2: 100000 | D2: ₪ | E2: המשתמש
A3: deposit0 | B3: הפקדה שנתית התחלתית | C3: 24000 | D3: ₪ | E3: המשתמש
A4: sal_growth | B4: עליית שכר שנתית | C4: 0 | D4: % | E4: הנחה — לאישור
A5: return_lt | B5: תשואה שנתית | C5: 0.04 | D5: % | E5: הנחה — לאישור
A6: fee_aum | B6: דמי ניהול מצבירה | C6: 0.005 | D6: % | E6: המשתמש
A7: horizon | B7: אופק (שנים) | C7: 10 | D7: שנים | E7: CLI --years

Sheet Calc
A1: key | B1: label | C1: 1 | D1: 2 | E1: 3 | F1: 4 | G1: 5 | H1: 6 | I1: 7 | J1: 8 | K1: 9 | L1: 10
A2: open | B2: יתרת פתיחה | C2: =Assumptions!$C$2 -> 100000 | D2: =C8 -> 127500 | E2: =D8 -> 155962.5 | F2: =E8 -> 185421.19 | G2: =F8 -> 215910.93 | H2: =G8 -> 247467.81 | I2: =H8 -> 280129.18 | J2: =I8 -> 313933.71 | K2: =J8 -> 348921.39 | L2: =K8 -> 385133.63
A3: deposit | B3: הפקדה | C3: =Assumptions!$C$3*(1+Assumptions!$C$4)^(C$1-1) -> 24000 | D3: =Assumptions!$C$3*(1+Assumptions!$C$4)^(D$1-1) -> 24000 | E3: =Assumptions!$C$3*(1+Assumptions!$C$4)^(E$1-1) -> 24000 | F3: =Assumptions!$C$3*(1+Assumptions!$C$4)^(F$1-1) -> 24000 | G3: =Assumptions!$C$3*(1+Assumptions!$C$4)^(G$1-1) -> 24000 | H3: =Assumptions!$C$3*(1+Assumptions!$C$4)^(H$1-1) -> 24000 | I3: =Assumptions!$C$3*(1+Assumptions!$C$4)^(I$1-1) -> 24000 | J3: =Assumptions!$C$3*(1+Assumptions!$C$4)^(J$1-1) -> 24000 | ... L3: =Assumptions!$C$3*(1+Assumptions!$C$4)^(L$1-1) -> 24000
A4: return | B4: תשואה | C4: =C2*Assumptions!$C$5 -> 4000 | D4: =D2*Assumptions!$C$5 -> 5100 | E4: =E2*Assumptions!$C$5 -> 6238.5 | F4: =F2*Assumptions!$C$5 -> 7416.8475 | G4: =G2*Assumptions!$C$5 -> 8636.4372 | H4: =H2*Assumptions!$C$5 -> 9898.7125 | I4: =I2*Assumptions!$C$5 -> 11205.167 | J4: =J2*Assumptions!$C$5 -> 12557.348 | ... L4: =L2*Assumptions!$C$5 -> 15405.345
A5: fee | B5: דמי ניהול | C5: =C2*Assumptions!$C$6 -> 500 | D5: =D2*Assumptions!$C$6 -> 637.5 | E5: =E2*Assumptions!$C$6 -> 779.8125 | F5: =F2*Assumptions!$C$6 -> 927.10594 | G5: =G2*Assumptions!$C$6 -> 1079.5546 | H5: =H2*Assumptions!$C$6 -> 1237.3391 | I5: =I2*Assumptions!$C$6 -> 1400.6459 | J5: =J2*Assumptions!$C$6 -> 1569.6685 | ... L5: =L2*Assumptions!$C$6 -> 1925.6682
A6: withdraw | B6: משיכה | C6: =0*C2 -> 0 | D6: =0*D2 -> 0 | E6: =0*E2 -> 0 | F6: =0*F2 -> 0 | G6: =0*G2 -> 0 | H6: =0*H2 -> 0 | I6: =0*I2 -> 0 | J6: =0*J2 -> 0 | ... L6: =0*L2 -> 0
A7: tax | B7: מס | C7: =0*C6 -> 0 | D7: =0*D6 -> 0 | E7: =0*E6 -> 0 | F7: =0*F6 -> 0 | G7: =0*G6 -> 0 | H7: =0*H6 -> 0 | I7: =0*I6 -> 0 | J7: =0*J6 -> 0 | ... L7: =0*L6 -> 0
A8: close | B8: יתרת סגירה | C8: =C2+C3+C4-C5-C6-C7 -> 127500 | D8: =D2+D3+D4-D5-D6-D7 -> 155962.5 | E8: =E2+E3+E4-E5-E6-E7 -> 185421.19 | F8: =F2+F3+F4-F5-F6-F7 -> 215910.93 | G8: =G2+G3+G4-G5-G6-G7 -> 247467.81 | H8: =H2+H3+H4-H5-H6-H7 -> 280129.18 | I8: =I2+I3+I4-I5-I6-I7 -> 313933.71 | J8: =J2+J3+J4-J5-J6-J7 -> 348921.39 | ... L8: =L2+L3+L4-L5-L6-L7 -> 422613.31
A9: cost_total | B9: סה"כ עלויות | C9: =SUM(C5:C7) -> 500 | D9: =SUM(D5:D7) -> 637.5 | E9: =SUM(E5:E7) -> 779.8125 | F9: =SUM(F5:F7) -> 927.10594 | G9: =SUM(G5:G7) -> 1079.5546 | H9: =SUM(H5:H7) -> 1237.3391 | I9: =SUM(I5:I7) -> 1400.6459 | J9: =SUM(J5:J7) -> 1569.6685 | ... L9: =SUM(L5:L7) -> 1925.6682

Sheet Output
A1: צבירה בסוף האופק | B1: =Calc!L8 -> 422613.31
A3: ניתוח רגישות: צבירה סופית — תשואה (שורות) × דמי ניהול (עמודות)
B4: 0.002 | C4: 0.004 | D4: 0.005 | E4: 0.006 | F4: 0.008
A5: 0.02 | B5: =IFERROR(Assumptions!$C$2*(1+($A5-B$4))^Assumptions!$C$7+Assumptions!$C$3*((1+($A5-B$4))^Assumptions!$C$7-(1+Assumptions!$C$4)^Assumptions!$C$7)/(($A5-B$4)-Assumptions!$C$4),Assumptions!$C$2*(1+($A5-B$4))^Assumptions!$C$7+Assumptions!$C$3*Assumptions!$C$7*(1+Assumptions!$C$4)^(Assumptions!$C$7-1)) -> 379933.39 | C5: =IFERROR(Assumptions!$C$2*(1+($A5-C$4))^Assumptions!$C$7+Assumptions!$C$3*((1+($A5-C$4))^Assumptions!$C$7-(1+Assumptions!$C$4)^Assumptions!$C$7)/(($A5-C$4)-Assumptions!$C$4),Assumptions!$C$2*(1+($A5-C$4))^Assumptions!$C$7+Assumptions!$C$3*Assumptions!$C$7*(1+Assumptions!$C$4)^(Assumptions!$C$7-1)) -> 375240.88 | D5: =IFERROR(Assumptions!$C$2*(1+($A5-D$4))^Assumptions!$C$7+Assumptions!$C$3*((1+($A5-D$4))^Assumptions!$C$7-(1+Assumptions!$C$4)^Assumptions!$C$7)/(($A5-D$4)-Assumptions!$C$4),Assumptions!$C$2*(1+($A5-D$4))^Assumptions!$C$7+Assumptions!$C$3*Assumptions!$C$7*(1+Assumptions!$C$4)^(Assumptions!$C$7-1)) -> 372919.4 | E5: =IFERROR(Assumptions!$C$2*(1+($A5-E$4))^Assumptions!$C$7+Assumptions!$C$3*((1+($A5-E$4))^Assumptions!$C$7-(1+Assumptions!$C$4)^Assumptions!$C$7)/(($A5-E$4)-Assumptions!$C$4),Assumptions!$C$2*(1+($A5-E$4))^Assumptions!$C$7+Assumptions!$C$3*Assumptions!$C$7*(1+Assumptions!$C$4)^(Assumptions!$C$7-1)) -> 370614.29 | F5: =IFERROR(Assumptions!$C$2*(1+($A5-F$4))^Assumptions!$C$7+Assumptions!$C$3*((1+($A5-F$4))^Assumptions!$C$7-(1+Assumptions!$C$4)^Assumptions!$C$7)/(($A5-F$4)-Assumptions!$C$4),Assumptions!$C$2*(1+($A5-F$4))^Assumptions!$C$7+Assumptions!$C$3*Assumptions!$C$7*(1+Assumptions!$C$4)^(Assumptions!$C$7-1)) -> 366052.73
A6: 0.03 | B6: =IFERROR(Assumptions!$C$2*(1+($A6-B$4))^Assumptions!$C$7+Assumptions!$C$3*((1+($A6-B$4))^Assumptions!$C$7-(1+Assumptions!$C$4)^Assumptions!$C$7)/(($A6-B$4)-Assumptions!$C$4),Assumptions!$C$2*(1+($A6-B$4))^Assumptions!$C$7+Assumptions!$C$3*Assumptions!$C$7*(1+Assumptions!$C$4)^(Assumptions!$C$7-1)) -> 404417.14 | C6: =IFERROR(Assumptions!$C$2*(1+($A6-C$4))^Assumptions!$C$7+Assumptions!$C$3*((1+($A6-C$4))^Assumptions!$C$7-(1+Assumptions!$C$4)^Assumptions!$C$7)/(($A6-C$4)-Assumptions!$C$4),Assumptions!$C$2*(1+($A6-C$4))^Assumptions!$C$7+Assumptions!$C$3*Assumptions!$C$7*(1+Assumptions!$C$4)^(Assumptions!$C$7-1)) -> 399381.1 | D6: =IFERROR(Assumptions!$C$2*(1+($A6-D$4))^Assumptions!$C$7+Assumptions!$C$3*((1+($A6-D$4))^Assumptions!$C$7-(1+Assumptions!$C$4)^Assumptions!$C$7)/(($A6-D$4)-Assumptions!$C$4),Assumptions!$C$2*(1+($A6-D$4))^Assumptions!$C$7+Assumptions!$C$3*Assumptions!$C$7*(1+Assumptions!$C$4)^(Assumptions!$C$7-1)) -> 396889.62 | E6: =IFERROR(Assumptions!$C$2*(1+($A6-E$4))^Assumptions!$C$7+Assumptions!$C$3*((1+($A6-E$4))^Assumptions!$C$7-(1+Assumptions!$C$4)^Assumptions!$C$7)/(($A6-E$4)-Assumptions!$C$4),Assumptions!$C$2*(1+($A6-E$4))^Assumptions!$C$7+Assumptions!$C$3*Assumptions!$C$7*(1+Assumptions!$C$4)^(Assumptions!$C$7-1)) -> 394415.66 | F6: =IFERROR(Assumptions!$C$2*(1+($A6-F$4))^Assumptions!$C$7+Assumptions!$C$3*((1+($A6-F$4))^Assumptions!$C$7-(1+Assumptions!$C$4)^Assumptions!$C$7)/(($A6-F$4)-Assumptions!$C$4),Assumptions!$C$2*(1+($A6-F$4))^Assumptions!$C$7+Assumptions!$C$3*Assumptions!$C$7*(1+Assumptions!$C$4)^(Assumptions!$C$7-1)) -> 389519.86
A7: 0.04 | B7: =IFERROR(Assumptions!$C$2*(1+($A7-B$4))^Assumptions!$C$7+Assumptions!$C$3*((1+($A7-B$4))^Assumptions!$C$7-(1+Assumptions!$C$4)^Assumptions!$C$7)/(($A7-B$4)-Assumptions!$C$4),Assumptions!$C$2*(1+($A7-B$4))^Assumptions!$C$7+Assumptions!$C$3*Assumptions!$C$7*(1+Assumptions!$C$4)^(Assumptions!$C$7-1)) -> 430690.61 | C7: =IFERROR(Assumptions!$C$2*(1+($A7-C$4))^Assumptions!$C$7+Assumptions!$C$3*((1+($A7-C$4))^Assumptions!$C$7-(1+Assumptions!$C$4)^Assumptions!$C$7)/(($A7-C$4)-Assumptions!$C$4),Assumptions!$C$2*(1+($A7-C$4))^Assumptions!$C$7+Assumptions!$C$3*Assumptions!$C$7*(1+Assumptions!$C$4)^(Assumptions!$C$7-1)) -> 425286.81 | D7: =IFERROR(Assumptions!$C$2*(1+($A7-D$4))^Assumptions!$C$7+Assumptions!$C$3*((1+($A7-D$4))^Assumptions!$C$7-(1+Assumptions!$C$4)^Assumptions!$C$7)/(($A7-D$4)-Assumptions!$C$4),Assumptions!$C$2*(1+($A7-D$4))^Assumptions!$C$7+Assumptions!$C$3*Assumptions!$C$7*(1+Assumptions!$C$4)^(Assumptions!$C$7-1)) -> 422613.31 | E7: =IFERROR(Assumptions!$C$2*(1+($A7-E$4))^Assumptions!$C$7+Assumptions!$C$3*((1+($A7-E$4))^Assumptions!$C$7-(1+Assumptions!$C$4)^Assumptions!$C$7)/(($A7-E$4)-Assumptions!$C$4),Assumptions!$C$2*(1+($A7-E$4))^Assumptions!$C$7+Assumptions!$C$3*Assumptions!$C$7*(1+Assumptions!$C$4)^(Assumptions!$C$7-1)) -> 419958.58 | F7: =IFERROR(Assumptions!$C$2*(1+($A7-F$4))^Assumptions!$C$7+Assumptions!$C$3*((1+($A7-F$4))^Assumptions!$C$7-(1+Assumptions!$C$4)^Assumptions!$C$7)/(($A7-F$4)-Assumptions!$C$4),Assumptions!$C$2*(1+($A7-F$4))^Assumptions!$C$7+Assumptions!$C$3*Assumptions!$C$7*(1+Assumptions!$C$4)^(Assumptions!$C$7-1)) -> 414704.89
A8: 0.05 | B8: =IFERROR(Assumptions!$C$2*(1+($A8-B$4))^Assumptions!$C$7+Assumptions!$C$3*((1+($A8-B$4))^Assumptions!$C$7-(1+Assumptions!$C$4)^Assumptions!$C$7)/(($A8-B$4)-Assumptions!$C$4),Assumptions!$C$2*(1+($A8-B$4))^Assumptions!$C$7+Assumptions!$C$3*Assumptions!$C$7*(1+Assumptions!$C$4)^(Assumptions!$C$7-1)) -> 458879.59 | C8: =IFERROR(Assumptions!$C$2*(1+($A8-C$4))^Assumptions!$C$7+Assumptions!$C$3*((1+($A8-C$4))^Assumptions!$C$7-(1+Assumptions!$C$4)^Assumptions!$C$7)/(($A8-C$4)-Assumptions!$C$4),Assumptions!$C$2*(1+($A8-C$4))^Assumptions!$C$7+Assumptions!$C$3*Assumptions!$C$7*(1+Assumptions!$C$4)^(Assumptions!$C$7-1)) -> 453082.25 | D8: =IFERROR(Assumptions!$C$2*(1+($A8-D$4))^Assumptions!$C$7+Assumptions!$C$3*((1+($A8-D$4))^Assumptions!$C$7-(1+Assumptions!$C$4)^Assumptions!$C$7)/(($A8-D$4)-Assumptions!$C$4),Assumptions!$C$2*(1+($A8-D$4))^Assumptions!$C$7+Assumptions!$C$3*Assumptions!$C$7*(1+Assumptions!$C$4)^(Assumptions!$C$7-1)) -> 450213.97 | E8: =IFERROR(Assumptions!$C$2*(1+($A8-E$4))^Assumptions!$C$7+Assumptions!$C$3*((1+($A8-E$4))^Assumptions!$C$7-(1+Assumptions!$C$4)^Assumptions!$C$7)/(($A8-E$4)-Assumptions!$C$4),Assumptions!$C$2*(1+($A8-E$4))^Assumptions!$C$7+Assumptions!$C$3*Assumptions!$C$7*(1+Assumptions!$C$4)^(Assumptions!$C$7-1)) -> 447365.76 | F8: =IFERROR(Assumptions!$C$2*(1+($A8-F$4))^Assumptions!$C$7+Assumptions!$C$3*((1+($A8-F$4))^Assumptions!$C$7-(1+Assumptions!$C$4)^Assumptions!$C$7)/(($A8-F$4)-Assumptions!$C$4),Assumptions!$C$2*(1+($A8-F$4))^Assumptions!$C$7+Assumptions!$C$3*Assumptions!$C$7*(1+Assumptions!$C$4)^(Assumptions!$C$7-1)) -> 441729.03
A9: 0.06 | B9: =IFERROR(Assumptions!$C$2*(1+($A9-B$4))^Assumptions!$C$7+Assumptions!$C$3*((1+($A9-B$4))^Assumptions!$C$7-(1+Assumptions!$C$4)^Assumptions!$C$7)/(($A9-B$4)-Assumptions!$C$4),Assumptions!$C$2*(1+($A9-B$4))^Assumptions!$C$7+Assumptions!$C$3*Assumptions!$C$7*(1+Assumptions!$C$4)^(Assumptions!$C$7-1)) -> 489117.9 | C9: =IFERROR(Assumptions!$C$2*(1+($A9-C$4))^Assumptions!$C$7+Assumptions!$C$3*((1+($A9-C$4))^Assumptions!$C$7-(1+Assumptions!$C$4)^Assumptions!$C$7)/(($A9-C$4)-Assumptions!$C$4),Assumptions!$C$2*(1+($A9-C$4))^Assumptions!$C$7+Assumptions!$C$3*Assumptions!$C$7*(1+Assumptions!$C$4)^(Assumptions!$C$7-1)) -> 482899.59 | D9: =IFERROR(Assumptions!$C$2*(1+($A9-D$4))^Assumptions!$C$7+Assumptions!$C$3*((1+($A9-D$4))^Assumptions!$C$7-(1+Assumptions!$C$4)^Assumptions!$C$7)/(($A9-D$4)-Assumptions!$C$4),Assumptions!$C$2*(1+($A9-D$4))^Assumptions!$C$7+Assumptions!$C$3*Assumptions!$C$7*(1+Assumptions!$C$4)^(Assumptions!$C$7-1)) -> 479822.94 | E9: =IFERROR(Assumptions!$C$2*(1+($A9-E$4))^Assumptions!$C$7+Assumptions!$C$3*((1+($A9-E$4))^Assumptions!$C$7-(1+Assumptions!$C$4)^Assumptions!$C$7)/(($A9-E$4)-Assumptions!$C$4),Assumptions!$C$2*(1+($A9-E$4))^Assumptions!$C$7+Assumptions!$C$3*Assumptions!$C$7*(1+Assumptions!$C$4)^(Assumptions!$C$7-1)) -> 476767.75 | F9: =IFERROR(Assumptions!$C$2*(1+($A9-F$4))^Assumptions!$C$7+Assumptions!$C$3*((1+($A9-F$4))^Assumptions!$C$7-(1+Assumptions!$C$4)^Assumptions!$C$7)/(($A9-F$4)-Assumptions!$C$4),Assumptions!$C$2*(1+($A9-F$4))^Assumptions!$C$7+Assumptions!$C$3*Assumptions!$C$7*(1+Assumptions!$C$4)^(Assumptions!$C$7-1)) -> 470721.23
